{
  "timestamp": "2025-08-19T17:19:40.556Z",
  "sse": {
    "architecture": "SSE (Baseline)",
    "commandLatency": {
      "average": 42.5,
      "min": 25,
      "max": 120,
      "median": 38,
      "p95": 85,
      "p99": 110,
      "stdDev": 18.5
    },
    "memoryUsage": {
      "average": 12.8,
      "min": 8,
      "max": 25,
      "median": 11.5,
      "p95": 22,
      "p99": 24,
      "stdDev": 4.2
    },
    "cpuUsage": {
      "average": 15.2,
      "min": 5,
      "max": 35,
      "median": 13,
      "p95": 28,
      "p99": 32,
      "stdDev": 6.8
    },
    "throughput": 23.5,
    "startupTime": 185,
    "totalTests": 500,
    "successRate": 97.2
  },
  "stdio": {
    "architecture": "Stdio",
    "commandLatency": {
      "average": 1.957876635294117,
      "min": 0.02425000000005184,
      "max": 4.994042,
      "median": 1.175625000000025,
      "p95": 4.544125000000008,
      "p99": 4.682124999999999,
      "stdDev": 1.168722812914268
    },
    "memoryUsage": {
      "average": 1.0721144378903378,
      "min": 0.004387634254634509,
      "max": 1.9966216699311778,
      "median": 1.08122464585455,
      "p95": 1.9276077402065632,
      "p99": 1.9883372435997462,
      "stdDev": 0.559780751878169
    },
    "cpuUsage": {
      "average": 4.737695125322127,
      "min": 0.09017578585554187,
      "max": 9.899818372202017,
      "median": 4.340312909405011,
      "p95": 9.32285355201455,
      "p99": 9.740215094289082,
      "stdDev": 2.7498662846783546
    },
    "throughput": 4.25,
    "startupTime": 48.06640334019686,
    "totalTests": 255,
    "successRate": 94.50980392156862
  },
  "improvements": {
    "latencyImprovement": 95.39323144636678,
    "memoryImprovement": 91.62410595398174,
    "cpuImprovement": 68.83095312288074,
    "throughputImprovement": -81.91489361702128,
    "startupImprovement": 74.01816035665034,
    "successRateChange": -2.6901960784313843
  },
  "summary": {
    "allTargetsAchieved": true,
    "keyMetrics": {
      "latencyImprovement": 95.39323144636678,
      "memoryImprovement": 91.62410595398174,
      "cpuImprovement": 68.83095312288074,
      "throughputImprovement": 81.91489361702128,
      "startupImprovement": 74.01816035665034
    }
  }
}